{
  "cv_results": {
    "Random Forest": {
      "roc_auc": 0.6212121212121212,
      "accuracy": 0.5761099365750528,
      "f1": 0.5722022900686514
    },
    "Gradient Boosting": {
      "roc_auc": 0.6683549783549784,
      "accuracy": 0.5946088794926004,
      "f1": 0.584578475148829
    },
    "XGBoost (Optuna)": {
      "roc_auc": NaN,
      "accuracy": 0.6355179704016913,
      "f1": 0.6245343051379739
    },
    "LightGBM (Optuna)": {
      "roc_auc": 0.7537850555241861,
      "accuracy": 0.6593023255813953,
      "f1": 0.6565966659326546
    },
    "CatBoost": {
      "roc_auc": 0.6759382646339167,
      "accuracy": 0.6083509513742072,
      "f1": 0.6006542130910518
    },
    "Stacking Ensemble": {
      "roc_auc": 0.7380877093920573
    }
  },
  "holdout_metrics": {
    "Random Forest": {
      "accuracy": 0.5425531914893617,
      "f1_weighted": 0.5427086622524219,
      "mcc": 0.08429641648726181,
      "roc_auc": 0.6013605442176871,
      "pr_auc": 0.629802477262259,
      "brier": 0.23910952496669682,
      "log_loss": 0.6707430033375719
    },
    "Gradient Boosting": {
      "accuracy": 0.7021276595744681,
      "f1_weighted": 0.7010410299696325,
      "mcc": 0.4024776312779696,
      "roc_auc": 0.7455782312925171,
      "pr_auc": 0.7584707242617958,
      "brier": 0.21088756360571953,
      "log_loss": 0.6367172389726838
    },
    "XGBoost (Optuna)": {
      "accuracy": 0.6702127659574468,
      "f1_weighted": 0.6703248495308158,
      "mcc": 0.33990490519057187,
      "roc_auc": 0.7251700680272108,
      "pr_auc": 0.7026882012826238,
      "brier": 0.21413394808769226,
      "log_loss": 0.6196555694878952
    },
    "LightGBM (Optuna)": {
      "accuracy": 0.6063829787234043,
      "f1_weighted": 0.6054465385459025,
      "mcc": 0.21873114352884365,
      "roc_auc": 0.6634920634920635,
      "pr_auc": 0.630320593779876,
      "brier": 0.24188834869464676,
      "log_loss": 0.6862057768284608
    },
    "CatBoost": {
      "accuracy": 0.6063829787234043,
      "f1_weighted": 0.6065166347577936,
      "mcc": 0.21391348699993323,
      "roc_auc": 0.6993197278911565,
      "pr_auc": 0.7009964021849273,
      "brier": 0.2299665834697413,
      "log_loss": 0.6741271348223047
    },
    "Stacking Ensemble": {
      "accuracy": 0.6170212765957447,
      "f1_weighted": 0.6170212765957447,
      "mcc": 0.236281179138322,
      "roc_auc": 0.6798185941043083,
      "pr_auc": 0.6532965858667205,
      "brier": 0.22463015733798058,
      "log_loss": 0.6390135280781225
    }
  }
}